{
    "AX": {
        "error": 0.006644434382787779, 
        "filter_outliers_dict": {
            "filter_outliers": true, 
            "iterations": 1, 
            "std_devs": 2
        }, 
        "fit": "average", 
        "value": -0.06589523809601792
    }, 
    "CDD": {
        "error": 3.0999072155248274e-05, 
        "filter_outliers_dict": {
            "filter_outliers": true, 
            "iterations": 1, 
            "std_devs": 10
        }, 
        "fit": "average", 
        "value": 0.0004468584428035567
    }, 
    "H1": {
        "error": 0.005956400866051302, 
        "filter_outliers_dict": {
            "filter_outliers": true, 
            "iterations": 1, 
            "std_devs": 2
        }, 
        "fit": "average", 
        "value": 0.15066139665196904
    }, 
    "H2": {
        "error": 0.006762524411974261, 
        "filter_outliers_dict": {
            "filter_outliers": true, 
            "iterations": 1, 
            "std_devs": 2
        }, 
        "fit": "average", 
        "value": -0.22183987401548416
    }, 
    "L1": {
        "error": 0.004339157270676836, 
        "filter_outliers_dict": {
            "filter_outliers": true, 
            "iterations": 1, 
            "std_devs": 2
        }, 
        "fit": "average", 
        "value": -0.03858834579067284
    }, 
    "L2": {
        "error": 0.005423191270281038, 
        "filter_outliers_dict": {
            "filter_outliers": true, 
            "iterations": 1, 
            "std_devs": 2
        }, 
        "fit": "average", 
        "value": -0.011406184160531916
    }
}