{
    "AX": {
        "error": 0.005291589031974345, 
        "filter_outliers_dict": {
            "filter_outliers": true, 
            "iterations": 1, 
            "std_devs": 2
        }, 
        "fit": "average", 
        "value": -0.061701931815111695
    }, 
    "CDD": {
        "error": 4.930407506149329e-06, 
        "filter_outliers_dict": {
            "filter_outliers": true, 
            "iterations": 1, 
            "std_devs": 10
        }, 
        "fit": "average", 
        "value": 2.2593965603907754e-05
    }, 
    "H1": {
        "error": 0.003257368457000713, 
        "filter_outliers_dict": {
            "filter_outliers": true, 
            "iterations": 1, 
            "std_devs": 2
        }, 
        "fit": "average", 
        "value": 0.09947437752627937
    }, 
    "H2": {
        "error": 0.005277174272636163, 
        "filter_outliers_dict": {
            "filter_outliers": true, 
            "iterations": 1, 
            "std_devs": 2
        }, 
        "fit": "average", 
        "value": -0.202422256232186
    }, 
    "L1": {
        "error": 0.00195897468222128, 
        "filter_outliers_dict": {
            "filter_outliers": true, 
            "iterations": 1, 
            "std_devs": 2
        }, 
        "fit": "average", 
        "value": -0.029305325917819276
    }, 
    "L2": {
        "error": 0.0038446244055549326, 
        "filter_outliers_dict": {
            "filter_outliers": true, 
            "iterations": 1, 
            "std_devs": 2
        }, 
        "fit": "average", 
        "value": -0.026553288577789658
    }
}