{
    "Ar36": {
        "error": 0.0007231966618327884, 
        "filter_outliers_dict": {
            "filter_outliers": true, 
            "iterations": 2, 
            "std_devs": 2
        }, 
        "fit": "Parabolic", 
        "value": 0.09272570357682064
    }, 
    "Ar37": {
        "error": 0.014911586081662025, 
        "filter_outliers_dict": {
            "filter_outliers": true, 
            "iterations": 2, 
            "std_devs": 2
        }, 
        "fit": "linear", 
        "value": 78.57067570368181
    }, 
    "Ar38": {
        "error": 0.012971823306301703, 
        "filter_outliers_dict": {
            "filter_outliers": true, 
            "iterations": 2, 
            "std_devs": 2
        }, 
        "fit": "linear", 
        "value": 2.3986841838538395
    }, 
    "Ar39": {
        "error": 0.025054959151908206, 
        "filter_outliers_dict": {
            "filter_outliers": true, 
            "iterations": 2, 
            "std_devs": 2
        }, 
        "fit": "Parabolic", 
        "value": 34.843187372684966
    }, 
    "Ar40": {
        "error": 0.0339305931870108, 
        "filter_outliers_dict": {
            "filter_outliers": true, 
            "iterations": 2, 
            "std_devs": 2
        }, 
        "fit": "Parabolic", 
        "value": 225.80744285963056
    }
}