{
    "Ar36": {
        "error": 0.000468729992367086, 
        "filter_outliers_dict": {
            "filter_outliers": true, 
            "iterations": 1, 
            "std_devs": 2
        }, 
        "fit": "Linear", 
        "value": 0.04089590806759153
    }, 
    "Ar37": {
        "error": 0.011702160073531668, 
        "filter_outliers_dict": {
            "filter_outliers": true, 
            "iterations": 1, 
            "std_devs": 2
        }, 
        "fit": "linear", 
        "value": 4.646478104499675
    }, 
    "Ar38": {
        "error": 0.005221814825480048, 
        "filter_outliers_dict": {
            "filter_outliers": true, 
            "iterations": 1, 
            "std_devs": 2
        }, 
        "fit": "linear", 
        "value": 2.798640347444068
    }, 
    "Ar39": {
        "error": 0.03126537650471983, 
        "filter_outliers_dict": {
            "filter_outliers": true, 
            "iterations": 1, 
            "std_devs": 2
        }, 
        "fit": "Linear", 
        "value": 219.62508853034643
    }, 
    "Ar40": {
        "error": 0.05160370810713935, 
        "filter_outliers_dict": {
            "filter_outliers": true, 
            "iterations": 1, 
            "std_devs": 2
        }, 
        "fit": "Linear", 
        "value": 1072.616407323534
    }, 
    "Ar41": {
        "error": 0.005514546720578538, 
        "filter_outliers_dict": {
            "filter_outliers": true, 
            "iterations": 1, 
            "std_devs": 2
        }, 
        "fit": "Average", 
        "value": -0.12583730520768455
    }
}