{
    "Ar36": {
        "error": 0.00045403012981126874, 
        "filter_outliers_dict": {
            "filter_outliers": true, 
            "iterations": 1, 
            "std_devs": 2
        }, 
        "fit": "Linear", 
        "value": 0.03162784974950801
    }, 
    "Ar37": {
        "error": 0.012297537183928588, 
        "filter_outliers_dict": {
            "filter_outliers": true, 
            "iterations": 1, 
            "std_devs": 2
        }, 
        "fit": "linear", 
        "value": 6.018109963166844
    }, 
    "Ar38": {
        "error": 0.005037545407595807, 
        "filter_outliers_dict": {
            "filter_outliers": true, 
            "iterations": 1, 
            "std_devs": 2
        }, 
        "fit": "linear", 
        "value": 3.625698875169731
    }, 
    "Ar39": {
        "error": 0.03144691837154073, 
        "filter_outliers_dict": {
            "filter_outliers": true, 
            "iterations": 1, 
            "std_devs": 2
        }, 
        "fit": "Linear", 
        "value": 283.5711416457253
    }, 
    "Ar40": {
        "error": 0.07693566821258271, 
        "filter_outliers_dict": {
            "filter_outliers": true, 
            "iterations": 1, 
            "std_devs": 2
        }, 
        "fit": "Linear", 
        "value": 1378.3672811478386
    }, 
    "Ar41": {
        "error": 0.006672717851396744, 
        "filter_outliers_dict": {
            "filter_outliers": true, 
            "iterations": 1, 
            "std_devs": 2
        }, 
        "fit": "Average", 
        "value": -0.11854297856757721
    }
}