{
    "Ar36": {
        "error": 0.0003485312480651065, 
        "filter_outliers_dict": {
            "filter_outliers": true, 
            "iterations": 1, 
            "std_devs": 2
        }, 
        "fit": "Linear", 
        "value": 0.018330019036881043
    }, 
    "Ar37": {
        "error": 0.010811837900693053, 
        "filter_outliers_dict": {
            "filter_outliers": true, 
            "iterations": 1, 
            "std_devs": 2
        }, 
        "fit": "linear", 
        "value": 2.13209515498823
    }, 
    "Ar38": {
        "error": 0.004244229373648164, 
        "filter_outliers_dict": {
            "filter_outliers": true, 
            "iterations": 1, 
            "std_devs": 2
        }, 
        "fit": "linear", 
        "value": 1.8656903113714673
    }, 
    "Ar39": {
        "error": 0.019979784496236913, 
        "filter_outliers_dict": {
            "filter_outliers": true, 
            "iterations": 1, 
            "std_devs": 2
        }, 
        "fit": "Linear", 
        "value": 147.05529503980802
    }, 
    "Ar40": {
        "error": 0.04586482085935087, 
        "filter_outliers_dict": {
            "filter_outliers": true, 
            "iterations": 1, 
            "std_devs": 2
        }, 
        "fit": "Linear", 
        "value": 715.4835400474784
    }, 
    "Ar41": {
        "error": 0.0051623607641756875, 
        "filter_outliers_dict": {
            "filter_outliers": true, 
            "iterations": 1, 
            "std_devs": 2
        }, 
        "fit": "Average", 
        "value": -0.14170556616023994
    }
}