{
    "Ar36": {
        "error": 0.0003456274402694696, 
        "filter_outliers_dict": {
            "filter_outliers": true, 
            "iterations": 1, 
            "std_devs": 2
        }, 
        "fit": "Linear", 
        "value": 0.022610644824927646
    }, 
    "Ar37": {
        "error": 0.00976009718435923, 
        "filter_outliers_dict": {
            "filter_outliers": true, 
            "iterations": 1, 
            "std_devs": 2
        }, 
        "fit": "linear", 
        "value": 2.1621514081174915
    }, 
    "Ar38": {
        "error": 0.00482838879437643, 
        "filter_outliers_dict": {
            "filter_outliers": true, 
            "iterations": 1, 
            "std_devs": 2
        }, 
        "fit": "linear", 
        "value": 2.1960702580579543
    }, 
    "Ar39": {
        "error": 0.02485595673680212, 
        "filter_outliers_dict": {
            "filter_outliers": true, 
            "iterations": 1, 
            "std_devs": 2
        }, 
        "fit": "Linear", 
        "value": 171.55221012386235
    }, 
    "Ar40": {
        "error": 0.05736001157733097, 
        "filter_outliers_dict": {
            "filter_outliers": true, 
            "iterations": 1, 
            "std_devs": 2
        }, 
        "fit": "Linear", 
        "value": 845.713268568389
    }, 
    "Ar41": {
        "error": 0.0049220525486827595, 
        "filter_outliers_dict": {
            "filter_outliers": true, 
            "iterations": 1, 
            "std_devs": 2
        }, 
        "fit": "Average", 
        "value": -0.12156672098185535
    }
}