{
    "Ar36": {
        "error": 0.003215184051490857, 
        "filter_outliers_dict": {
            "filter_outliers": true, 
            "iterations": 1, 
            "std_devs": 2
        }, 
        "fit": "Linear", 
        "value": 2.1239533925000456
    }, 
    "Ar37": {
        "error": 0.009873479883073813, 
        "filter_outliers_dict": {
            "filter_outliers": true, 
            "iterations": 1, 
            "std_devs": 2
        }, 
        "fit": "linear", 
        "value": 1.489584258490435
    }, 
    "Ar38": {
        "error": 0.0048489115889186665, 
        "filter_outliers_dict": {
            "filter_outliers": true, 
            "iterations": 1, 
            "std_devs": 2
        }, 
        "fit": "linear", 
        "value": 3.14134684952178
    }, 
    "Ar39": {
        "error": 0.026464184696772874, 
        "filter_outliers_dict": {
            "filter_outliers": true, 
            "iterations": 1, 
            "std_devs": 2
        }, 
        "fit": "Linear", 
        "value": 215.34451767983342
    }, 
    "Ar40": {
        "error": 0.0780420877471499, 
        "filter_outliers_dict": {
            "filter_outliers": true, 
            "iterations": 1, 
            "std_devs": 2
        }, 
        "fit": "Linear", 
        "value": 1682.7573296173819
    }, 
    "Ar41": {
        "error": 0.005641686938154099, 
        "filter_outliers_dict": {
            "filter_outliers": true, 
            "iterations": 1, 
            "std_devs": 2
        }, 
        "fit": "Average", 
        "value": -0.10519979087200172
    }
}