{
    "Ar36": {
        "error": 0.0025786272842098583, 
        "filter_outliers_dict": {
            "filter_outliers": true, 
            "iterations": 1, 
            "std_devs": 2
        }, 
        "fit": "Linear", 
        "value": 1.3487075588766644
    }, 
    "Ar37": {
        "error": 0.009109550973497065, 
        "filter_outliers_dict": {
            "filter_outliers": true, 
            "iterations": 1, 
            "std_devs": 2
        }, 
        "fit": "linear", 
        "value": 1.3012254126009224
    }, 
    "Ar38": {
        "error": 0.005644921692551153, 
        "filter_outliers_dict": {
            "filter_outliers": true, 
            "iterations": 1, 
            "std_devs": 2
        }, 
        "fit": "linear", 
        "value": 2.5919725443374593
    }, 
    "Ar39": {
        "error": 0.02306801962200222, 
        "filter_outliers_dict": {
            "filter_outliers": true, 
            "iterations": 1, 
            "std_devs": 2
        }, 
        "fit": "Linear", 
        "value": 183.3810101986855
    }, 
    "Ar40": {
        "error": 0.07250036567306563, 
        "filter_outliers_dict": {
            "filter_outliers": true, 
            "iterations": 1, 
            "std_devs": 2
        }, 
        "fit": "Linear", 
        "value": 1296.8513759972789
    }, 
    "Ar41": {
        "error": 0.004643733022858244, 
        "filter_outliers_dict": {
            "filter_outliers": true, 
            "iterations": 1, 
            "std_devs": 2
        }, 
        "fit": "Average", 
        "value": -0.12460170523701801
    }
}