{
    "Ar36": {
        "error": 0.001095679888189427, 
        "filter_outliers_dict": {
            "filter_outliers": true, 
            "iterations": 1, 
            "std_devs": 2
        }, 
        "fit": "Linear", 
        "value": 0.2635119949967775
    }, 
    "Ar37": {
        "error": 0.010771921621648802, 
        "filter_outliers_dict": {
            "filter_outliers": true, 
            "iterations": 1, 
            "std_devs": 2
        }, 
        "fit": "linear", 
        "value": 1.757524834184735
    }, 
    "Ar38": {
        "error": 0.005100867279055445, 
        "filter_outliers_dict": {
            "filter_outliers": true, 
            "iterations": 1, 
            "std_devs": 2
        }, 
        "fit": "linear", 
        "value": 3.2349017171805743
    }, 
    "Ar39": {
        "error": 0.02595005342500255, 
        "filter_outliers_dict": {
            "filter_outliers": true, 
            "iterations": 1, 
            "std_devs": 2
        }, 
        "fit": "Linear", 
        "value": 247.77820828790766
    }, 
    "Ar40": {
        "error": 0.06756102221517815, 
        "filter_outliers_dict": {
            "filter_outliers": true, 
            "iterations": 1, 
            "std_devs": 2
        }, 
        "fit": "Linear", 
        "value": 1294.8941858173685
    }, 
    "Ar41": {
        "error": 0.005490689040067031, 
        "filter_outliers_dict": {
            "filter_outliers": true, 
            "iterations": 1, 
            "std_devs": 2
        }, 
        "fit": "Average", 
        "value": -0.1079914024159258
    }
}