{
    "Ar36": {
        "error": 0.0010385049962695957, 
        "filter_outliers_dict": {
            "filter_outliers": true, 
            "iterations": 1, 
            "std_devs": 2
        }, 
        "fit": "Linear", 
        "value": 0.1424790598079449
    }, 
    "Ar37": {
        "error": 0.010543247145034823, 
        "filter_outliers_dict": {
            "filter_outliers": true, 
            "iterations": 1, 
            "std_devs": 2
        }, 
        "fit": "linear", 
        "value": 0.051109976127324944
    }, 
    "Ar38": {
        "error": 0.0069088560529881335, 
        "filter_outliers_dict": {
            "filter_outliers": true, 
            "iterations": 1, 
            "std_devs": 2
        }, 
        "fit": "linear", 
        "value": 7.413592792393777
    }, 
    "Ar39": {
        "error": 0.04483708422017081, 
        "filter_outliers_dict": {
            "filter_outliers": true, 
            "iterations": 1, 
            "std_devs": 2
        }, 
        "fit": "Linear", 
        "value": 583.7697095944961
    }, 
    "Ar40": {
        "error": 0.08965658249248243, 
        "filter_outliers_dict": {
            "filter_outliers": true, 
            "iterations": 1, 
            "std_devs": 2
        }, 
        "fit": "Linear", 
        "value": 2052.5690673877566
    }, 
    "Ar41": {
        "error": 0.005197179455365611, 
        "filter_outliers_dict": {
            "filter_outliers": true, 
            "iterations": 1, 
            "std_devs": 2
        }, 
        "fit": "Average", 
        "value": -0.0835328376759308
    }
}