{
    "Ar36": {
        "error": 0.00021211621533937053, 
        "filter_outliers_dict": {
            "filter_outliers": true, 
            "iterations": 1, 
            "std_devs": 2
        }, 
        "fit": "Linear", 
        "value": 0.005331577540987037
    }, 
    "Ar37": {
        "error": 0.010949824854277857, 
        "filter_outliers_dict": {
            "filter_outliers": true, 
            "iterations": 1, 
            "std_devs": 2
        }, 
        "fit": "linear", 
        "value": 0.8069082408642662
    }, 
    "Ar38": {
        "error": 0.0038747381292106304, 
        "filter_outliers_dict": {
            "filter_outliers": true, 
            "iterations": 1, 
            "std_devs": 2
        }, 
        "fit": "linear", 
        "value": -0.0035597371251076524
    }, 
    "Ar39": {
        "error": 0.011331669868397233, 
        "filter_outliers_dict": {
            "filter_outliers": true, 
            "iterations": 1, 
            "std_devs": 2
        }, 
        "fit": "Linear", 
        "value": 0.8960841203277179
    }, 
    "Ar40": {
        "error": 0.00940035549583906, 
        "filter_outliers_dict": {
            "filter_outliers": true, 
            "iterations": 1, 
            "std_devs": 2
        }, 
        "fit": "Linear", 
        "value": 3.7774660275958896
    }, 
    "Ar41": {
        "error": 0.005527843946781946, 
        "filter_outliers_dict": {
            "filter_outliers": true, 
            "iterations": 1, 
            "std_devs": 2
        }, 
        "fit": "Average", 
        "value": -0.17217204786680157
    }
}