{
    "Ar36": {
        "error": 0.0002249558339243732, 
        "filter_outliers_dict": {
            "filter_outliers": true, 
            "iterations": 1, 
            "std_devs": 2
        }, 
        "fit": "Linear", 
        "value": 0.008805402076006085
    }, 
    "Ar37": {
        "error": 0.009490686590143951, 
        "filter_outliers_dict": {
            "filter_outliers": true, 
            "iterations": 1, 
            "std_devs": 2
        }, 
        "fit": "linear", 
        "value": 0.16047053870963246
    }, 
    "Ar38": {
        "error": 0.004674469925712445, 
        "filter_outliers_dict": {
            "filter_outliers": true, 
            "iterations": 1, 
            "std_devs": 2
        }, 
        "fit": "linear", 
        "value": 0.6490632671109302
    }, 
    "Ar39": {
        "error": 0.017029710041178904, 
        "filter_outliers_dict": {
            "filter_outliers": true, 
            "iterations": 1, 
            "std_devs": 2
        }, 
        "fit": "Linear", 
        "value": 51.983027911937754
    }, 
    "Ar40": {
        "error": 0.01968407080920548, 
        "filter_outliers_dict": {
            "filter_outliers": true, 
            "iterations": 1, 
            "std_devs": 2
        }, 
        "fit": "Linear", 
        "value": 166.3563647073117
    }, 
    "Ar41": {
        "error": 0.005377145771031475, 
        "filter_outliers_dict": {
            "filter_outliers": true, 
            "iterations": 1, 
            "std_devs": 2
        }, 
        "fit": "Average", 
        "value": -0.178877010398511
    }
}