{
    "Ar36": {
        "error": 0.0002012873582925762, 
        "filter_outliers_dict": {
            "filter_outliers": true, 
            "iterations": 1, 
            "std_devs": 2
        }, 
        "fit": "Linear", 
        "value": 0.005281698533260111
    }, 
    "Ar37": {
        "error": 0.01023644354151663, 
        "filter_outliers_dict": {
            "filter_outliers": true, 
            "iterations": 1, 
            "std_devs": 2
        }, 
        "fit": "linear", 
        "value": 0.023903778393637463
    }, 
    "Ar38": {
        "error": 0.004289188199902373, 
        "filter_outliers_dict": {
            "filter_outliers": true, 
            "iterations": 1, 
            "std_devs": 2
        }, 
        "fit": "linear", 
        "value": -0.02460749214142347
    }, 
    "Ar39": {
        "error": 0.011141313737826264, 
        "filter_outliers_dict": {
            "filter_outliers": true, 
            "iterations": 1, 
            "std_devs": 2
        }, 
        "fit": "Linear", 
        "value": -0.04430447562871107
    }, 
    "Ar40": {
        "error": 0.008077925379748703, 
        "filter_outliers_dict": {
            "filter_outliers": true, 
            "iterations": 1, 
            "std_devs": 2
        }, 
        "fit": "Linear", 
        "value": 0.5592030133019793
    }, 
    "Ar41": {
        "error": 0.0058610717742860665, 
        "filter_outliers_dict": {
            "filter_outliers": true, 
            "iterations": 1, 
            "std_devs": 2
        }, 
        "fit": "Average", 
        "value": -0.18150381201176508
    }
}