{
    "AX": {
        "error": 0.0059928311932053715, 
        "filter_outliers_dict": {
            "filter_outliers": true, 
            "iterations": 1, 
            "std_devs": 2
        }, 
        "fit": "average", 
        "value": 0.033816026633863176
    }, 
    "CDD": {
        "error": 1.1941863057826394e-05, 
        "filter_outliers_dict": {
            "filter_outliers": true, 
            "iterations": 1, 
            "std_devs": 10
        }, 
        "fit": "average", 
        "value": 6.0049541771861545e-05
    }, 
    "H1": {
        "error": 0.0038141014620315205, 
        "filter_outliers_dict": {
            "filter_outliers": true, 
            "iterations": 1, 
            "std_devs": 2
        }, 
        "fit": "average", 
        "value": -0.03689986415687643
    }, 
    "H2": {
        "error": 0.005895526469318537, 
        "filter_outliers_dict": {
            "filter_outliers": true, 
            "iterations": 1, 
            "std_devs": 2
        }, 
        "fit": "average", 
        "value": 0.05693799440831641
    }, 
    "L1": {
        "error": 0.0023902366150755443, 
        "filter_outliers_dict": {
            "filter_outliers": true, 
            "iterations": 1, 
            "std_devs": 2
        }, 
        "fit": "average", 
        "value": -0.0064611123500885465
    }, 
    "L2": {
        "error": 0.0068694070593816135, 
        "filter_outliers_dict": {
            "filter_outliers": true, 
            "iterations": 1, 
            "std_devs": 2
        }, 
        "fit": "average", 
        "value": 0.13100628152569088
    }
}