{
    "Ar36": {
        "error": 0.00021088445175007273, 
        "filter_outliers_dict": {
            "filter_outliers": true, 
            "iterations": 1, 
            "std_devs": 2
        }, 
        "fit": "Linear", 
        "value": 0.010523424558405617
    }, 
    "Ar37": {
        "error": 0.009677394085583864, 
        "filter_outliers_dict": {
            "filter_outliers": true, 
            "iterations": 1, 
            "std_devs": 2
        }, 
        "fit": "linear", 
        "value": 0.24916203401079498
    }, 
    "Ar38": {
        "error": 0.004516452070424296, 
        "filter_outliers_dict": {
            "filter_outliers": true, 
            "iterations": 1, 
            "std_devs": 2
        }, 
        "fit": "linear", 
        "value": 0.4607165959455392
    }, 
    "Ar39": {
        "error": 0.016278963796274935, 
        "filter_outliers_dict": {
            "filter_outliers": true, 
            "iterations": 1, 
            "std_devs": 2
        }, 
        "fit": "Linear", 
        "value": 35.71136396397
    }, 
    "Ar40": {
        "error": 0.021996164546113844, 
        "filter_outliers_dict": {
            "filter_outliers": true, 
            "iterations": 1, 
            "std_devs": 2
        }, 
        "fit": "Linear", 
        "value": 182.78752232839355
    }, 
    "Ar41": {
        "error": 0.005095944884434472, 
        "filter_outliers_dict": {
            "filter_outliers": true, 
            "iterations": 1, 
            "std_devs": 2
        }, 
        "fit": "Average", 
        "value": 0.07601649876404662
    }
}