{
    "Ar36": {
        "error": 0.0006138636352153907, 
        "filter_outliers_dict": {
            "filter_outliers": true, 
            "iterations": 1, 
            "std_devs": 2
        }, 
        "fit": "Linear", 
        "value": 0.0683325735543417
    }, 
    "Ar37": {
        "error": 0.011339708331446367, 
        "filter_outliers_dict": {
            "filter_outliers": true, 
            "iterations": 1, 
            "std_devs": 2
        }, 
        "fit": "linear", 
        "value": 3.479103225919171
    }, 
    "Ar38": {
        "error": 0.007940457306301765, 
        "filter_outliers_dict": {
            "filter_outliers": true, 
            "iterations": 1, 
            "std_devs": 2
        }, 
        "fit": "linear", 
        "value": 10.334075686139265
    }, 
    "Ar39": {
        "error": 0.07067462818208929, 
        "filter_outliers_dict": {
            "filter_outliers": true, 
            "iterations": 1, 
            "std_devs": 2
        }, 
        "fit": "Linear", 
        "value": 810.5371277674183
    }, 
    "Ar40": {
        "error": 0.27789086303729804, 
        "filter_outliers_dict": {
            "filter_outliers": true, 
            "iterations": 1, 
            "std_devs": 2
        }, 
        "fit": "Linear", 
        "value": 4147.081980740097
    }, 
    "Ar41": {
        "error": 0.0042533944618367, 
        "filter_outliers_dict": {
            "filter_outliers": true, 
            "iterations": 1, 
            "std_devs": 2
        }, 
        "fit": "Average", 
        "value": 0.22271286145494223
    }
}