{
    "Ar36": {
        "error": 0.0002737128045687619, 
        "filter_outliers_dict": {
            "filter_outliers": true, 
            "iterations": 1, 
            "std_devs": 2
        }, 
        "fit": "Linear", 
        "value": 0.01068072381470326
    }, 
    "Ar37": {
        "error": 0.010708717061368936, 
        "filter_outliers_dict": {
            "filter_outliers": true, 
            "iterations": 1, 
            "std_devs": 2
        }, 
        "fit": "linear", 
        "value": 1.001126932951378
    }, 
    "Ar38": {
        "error": 0.005873784925548871, 
        "filter_outliers_dict": {
            "filter_outliers": true, 
            "iterations": 1, 
            "std_devs": 2
        }, 
        "fit": "linear", 
        "value": 4.486197520338521
    }, 
    "Ar39": {
        "error": 0.03632674857407618, 
        "filter_outliers_dict": {
            "filter_outliers": true, 
            "iterations": 1, 
            "std_devs": 2
        }, 
        "fit": "Linear", 
        "value": 325.9742775911708
    }, 
    "Ar40": {
        "error": 0.0930066489860697, 
        "filter_outliers_dict": {
            "filter_outliers": true, 
            "iterations": 1, 
            "std_devs": 2
        }, 
        "fit": "Linear", 
        "value": 1455.791635280456
    }, 
    "Ar41": {
        "error": 0.005011782112524001, 
        "filter_outliers_dict": {
            "filter_outliers": true, 
            "iterations": 1, 
            "std_devs": 2
        }, 
        "fit": "Average", 
        "value": 0.129648518292169
    }
}