{
    "Ar36": {
        "error": 0.00018684193904311509, 
        "filter_outliers_dict": {
            "filter_outliers": true, 
            "iterations": 1, 
            "std_devs": 2
        }, 
        "fit": "Linear", 
        "value": 0.0061269011947424745
    }, 
    "Ar37": {
        "error": 0.011292928589892318, 
        "filter_outliers_dict": {
            "filter_outliers": true, 
            "iterations": 1, 
            "std_devs": 2
        }, 
        "fit": "linear", 
        "value": 0.30178640052225647
    }, 
    "Ar38": {
        "error": 0.004968055823255704, 
        "filter_outliers_dict": {
            "filter_outliers": true, 
            "iterations": 1, 
            "std_devs": 2
        }, 
        "fit": "linear", 
        "value": 0.8383986306190508
    }, 
    "Ar39": {
        "error": 0.018498602135121153, 
        "filter_outliers_dict": {
            "filter_outliers": true, 
            "iterations": 1, 
            "std_devs": 2
        }, 
        "fit": "Linear", 
        "value": 65.62740773900559
    }, 
    "Ar40": {
        "error": 0.029837681321136497, 
        "filter_outliers_dict": {
            "filter_outliers": true, 
            "iterations": 1, 
            "std_devs": 2
        }, 
        "fit": "Linear", 
        "value": 294.48042583742154
    }, 
    "Ar41": {
        "error": 0.002622851133497932, 
        "filter_outliers_dict": {
            "filter_outliers": true, 
            "iterations": 1, 
            "std_devs": 2
        }, 
        "fit": "Average", 
        "value": 0.10460711762679516
    }
}