{
    "Ar36": {
        "error": 0.0003169076227809915, 
        "filter_outliers_dict": {
            "filter_outliers": true, 
            "iterations": 1, 
            "std_devs": 2
        }, 
        "fit": "Parabolic", 
        "value": 0.015243885351446239
    }, 
    "Ar37": {
        "error": 0.01167567203763474, 
        "filter_outliers_dict": {
            "filter_outliers": true, 
            "iterations": 1, 
            "std_devs": 2
        }, 
        "fit": "linear", 
        "value": 17.339749847045454
    }, 
    "Ar38": {
        "error": 0.02758783943306921, 
        "filter_outliers_dict": {
            "filter_outliers": true, 
            "iterations": 1, 
            "std_devs": 2
        }, 
        "fit": "linear", 
        "value": -0.4396053511251256
    }, 
    "Ar39": {
        "error": 0.02357474685060513, 
        "filter_outliers_dict": {
            "filter_outliers": true, 
            "iterations": 1, 
            "std_devs": 2
        }, 
        "fit": "Parabolic", 
        "value": 3.9715039129745264
    }, 
    "Ar40": {
        "error": 0.020659314325569902, 
        "filter_outliers_dict": {
            "filter_outliers": true, 
            "iterations": 1, 
            "std_devs": 2
        }, 
        "fit": "Parabolic", 
        "value": 20.095849193766472
    }
}