{
    "Ar36": {
        "error": 0.0005902924919911362, 
        "filter_outliers_dict": {
            "filter_outliers": true, 
            "iterations": 1, 
            "std_devs": 2
        }, 
        "fit": "Parabolic", 
        "value": 0.06783194668245932
    }, 
    "Ar37": {
        "error": 0.012025999731396547, 
        "filter_outliers_dict": {
            "filter_outliers": true, 
            "iterations": 1, 
            "std_devs": 2
        }, 
        "fit": "linear", 
        "value": 8.043172563684283
    }, 
    "Ar38": {
        "error": 0.012878912488974435, 
        "filter_outliers_dict": {
            "filter_outliers": true, 
            "iterations": 1, 
            "std_devs": 2
        }, 
        "fit": "linear", 
        "value": -1.5138715529493434
    }, 
    "Ar39": {
        "error": 0.02254792007107606, 
        "filter_outliers_dict": {
            "filter_outliers": true, 
            "iterations": 1, 
            "std_devs": 2
        }, 
        "fit": "Parabolic", 
        "value": 1.094296638366179
    }, 
    "Ar40": {
        "error": 0.021428799506964046, 
        "filter_outliers_dict": {
            "filter_outliers": true, 
            "iterations": 1, 
            "std_devs": 2
        }, 
        "fit": "Parabolic", 
        "value": 29.855069968924926
    }
}