{
    "Ar36": {
        "error": 0.0002520563364437201, 
        "filter_outliers_dict": {
            "filter_outliers": true, 
            "iterations": 1, 
            "std_devs": 2
        }, 
        "fit": "Linear", 
        "value": 0.010339237196304536
    }, 
    "Ar37": {
        "error": 0.010072402846839091, 
        "filter_outliers_dict": {
            "filter_outliers": true, 
            "iterations": 1, 
            "std_devs": 2
        }, 
        "fit": "linear", 
        "value": 0.6318957156701195
    }, 
    "Ar38": {
        "error": 0.00450511231596492, 
        "filter_outliers_dict": {
            "filter_outliers": true, 
            "iterations": 1, 
            "std_devs": 2
        }, 
        "fit": "linear", 
        "value": 1.7334630455909437
    }, 
    "Ar39": {
        "error": 0.024390532141293348, 
        "filter_outliers_dict": {
            "filter_outliers": true, 
            "iterations": 1, 
            "std_devs": 2
        }, 
        "fit": "Linear", 
        "value": 136.7203527335891
    }, 
    "Ar40": {
        "error": 0.05044955524307574, 
        "filter_outliers_dict": {
            "filter_outliers": true, 
            "iterations": 1, 
            "std_devs": 2
        }, 
        "fit": "Linear", 
        "value": 558.3774126185383
    }, 
    "Ar41": {
        "error": 0.003771995569236395, 
        "filter_outliers_dict": {
            "filter_outliers": true, 
            "iterations": 1, 
            "std_devs": 2
        }, 
        "fit": "Average", 
        "value": 0.09754365028434138
    }
}