{
    "Ar36": {
        "error": 0.000974954792386842, 
        "filter_outliers_dict": {
            "filter_outliers": true, 
            "iterations": 1, 
            "std_devs": 2
        }, 
        "fit": "Linear", 
        "value": 0.17053455990437738
    }, 
    "Ar37": {
        "error": 0.010560466026988085, 
        "filter_outliers_dict": {
            "filter_outliers": true, 
            "iterations": 1, 
            "std_devs": 2
        }, 
        "fit": "linear", 
        "value": 0.2578697590631315
    }, 
    "Ar38": {
        "error": 0.004737141399491831, 
        "filter_outliers_dict": {
            "filter_outliers": true, 
            "iterations": 1, 
            "std_devs": 2
        }, 
        "fit": "linear", 
        "value": 4.495462933688004
    }, 
    "Ar39": {
        "error": 0.034428076006306124, 
        "filter_outliers_dict": {
            "filter_outliers": true, 
            "iterations": 1, 
            "std_devs": 2
        }, 
        "fit": "Linear", 
        "value": 346.1027014381318
    }, 
    "Ar40": {
        "error": 0.07336172626240185, 
        "filter_outliers_dict": {
            "filter_outliers": true, 
            "iterations": 1, 
            "std_devs": 2
        }, 
        "fit": "Linear", 
        "value": 1238.3836394992936
    }, 
    "Ar41": {
        "error": 0.004186629518244866, 
        "filter_outliers_dict": {
            "filter_outliers": true, 
            "iterations": 1, 
            "std_devs": 2
        }, 
        "fit": "Average", 
        "value": 0.12215564180309803
    }
}