{
    "Ar36": {
        "error": 0.0003896216058267516, 
        "filter_outliers_dict": {
            "filter_outliers": true, 
            "iterations": 1, 
            "std_devs": 2
        }, 
        "fit": "Linear", 
        "value": 0.020243109094341544
    }, 
    "Ar37": {
        "error": 0.009573455905647675, 
        "filter_outliers_dict": {
            "filter_outliers": true, 
            "iterations": 1, 
            "std_devs": 2
        }, 
        "fit": "linear", 
        "value": 0.5676367840605501
    }, 
    "Ar38": {
        "error": 0.005164942453115642, 
        "filter_outliers_dict": {
            "filter_outliers": true, 
            "iterations": 1, 
            "std_devs": 2
        }, 
        "fit": "linear", 
        "value": 1.44521833167894
    }, 
    "Ar39": {
        "error": 0.021406605271731338, 
        "filter_outliers_dict": {
            "filter_outliers": true, 
            "iterations": 1, 
            "std_devs": 2
        }, 
        "fit": "Linear", 
        "value": 113.25982092676404
    }, 
    "Ar40": {
        "error": 0.04008376341556561, 
        "filter_outliers_dict": {
            "filter_outliers": true, 
            "iterations": 1, 
            "std_devs": 2
        }, 
        "fit": "Linear", 
        "value": 465.33784772944637
    }, 
    "Ar41": {
        "error": 0.004180449451631316, 
        "filter_outliers_dict": {
            "filter_outliers": true, 
            "iterations": 1, 
            "std_devs": 2
        }, 
        "fit": "Average", 
        "value": 0.08596513488740473
    }
}