{
    "Ar36": {
        "error": 0.00021130770877774024, 
        "filter_outliers_dict": {
            "filter_outliers": true, 
            "iterations": 1, 
            "std_devs": 2
        }, 
        "fit": "Linear", 
        "value": 0.008985070654037662
    }, 
    "Ar37": {
        "error": 0.009397488287799316, 
        "filter_outliers_dict": {
            "filter_outliers": true, 
            "iterations": 1, 
            "std_devs": 2
        }, 
        "fit": "linear", 
        "value": 0.9003053517159076
    }, 
    "Ar38": {
        "error": 0.0038763733167169693, 
        "filter_outliers_dict": {
            "filter_outliers": true, 
            "iterations": 1, 
            "std_devs": 2
        }, 
        "fit": "linear", 
        "value": 0.01463536893956914
    }, 
    "Ar39": {
        "error": 0.010687214639541474, 
        "filter_outliers_dict": {
            "filter_outliers": true, 
            "iterations": 1, 
            "std_devs": 2
        }, 
        "fit": "Linear", 
        "value": 0.2525888790261171
    }, 
    "Ar40": {
        "error": 0.009218801052158053, 
        "filter_outliers_dict": {
            "filter_outliers": true, 
            "iterations": 1, 
            "std_devs": 2
        }, 
        "fit": "Linear", 
        "value": 2.2234094162633404
    }, 
    "Ar41": {
        "error": 0.004726389341457233, 
        "filter_outliers_dict": {
            "filter_outliers": true, 
            "iterations": 1, 
            "std_devs": 2
        }, 
        "fit": "Average", 
        "value": 0.07894948188057437
    }
}