{
    "Ar36": {
        "error": 0.00026661763135708464, 
        "filter_outliers_dict": {
            "filter_outliers": true, 
            "iterations": 1, 
            "std_devs": 2
        }, 
        "fit": "Linear", 
        "value": 0.008149553678996856
    }, 
    "Ar37": {
        "error": 0.009290828755634922, 
        "filter_outliers_dict": {
            "filter_outliers": true, 
            "iterations": 1, 
            "std_devs": 2
        }, 
        "fit": "linear", 
        "value": 0.17519658296445106
    }, 
    "Ar38": {
        "error": 0.004743255326643889, 
        "filter_outliers_dict": {
            "filter_outliers": true, 
            "iterations": 1, 
            "std_devs": 2
        }, 
        "fit": "linear", 
        "value": 0.603758433361256
    }, 
    "Ar39": {
        "error": 0.015250885022755786, 
        "filter_outliers_dict": {
            "filter_outliers": true, 
            "iterations": 1, 
            "std_devs": 2
        }, 
        "fit": "Linear", 
        "value": 46.24159622466745
    }, 
    "Ar40": {
        "error": 0.018442879033412823, 
        "filter_outliers_dict": {
            "filter_outliers": true, 
            "iterations": 1, 
            "std_devs": 2
        }, 
        "fit": "Linear", 
        "value": 109.51936365797458
    }, 
    "Ar41": {
        "error": 0.002828465016154644, 
        "filter_outliers_dict": {
            "filter_outliers": true, 
            "iterations": 1, 
            "std_devs": 2
        }, 
        "fit": "Average", 
        "value": 0.0829664463792634
    }
}