{
    "Ar36": {
        "error": 0.00023359158565098992, 
        "filter_outliers_dict": {
            "filter_outliers": true, 
            "iterations": 1, 
            "std_devs": 2
        }, 
        "fit": "Linear", 
        "value": 0.008318267345203332
    }, 
    "Ar37": {
        "error": 0.010106390170016646, 
        "filter_outliers_dict": {
            "filter_outliers": true, 
            "iterations": 1, 
            "std_devs": 2
        }, 
        "fit": "linear", 
        "value": 0.38341386906771524
    }, 
    "Ar38": {
        "error": 0.004686867264673858, 
        "filter_outliers_dict": {
            "filter_outliers": true, 
            "iterations": 1, 
            "std_devs": 2
        }, 
        "fit": "linear", 
        "value": 2.21902160913519
    }, 
    "Ar39": {
        "error": 0.030081922265864192, 
        "filter_outliers_dict": {
            "filter_outliers": true, 
            "iterations": 1, 
            "std_devs": 2
        }, 
        "fit": "Linear", 
        "value": 173.33955605991898
    }, 
    "Ar40": {
        "error": 0.034179177450954716, 
        "filter_outliers_dict": {
            "filter_outliers": true, 
            "iterations": 1, 
            "std_devs": 2
        }, 
        "fit": "Linear", 
        "value": 403.4092877541908
    }, 
    "Ar41": {
        "error": 0.005077151383357621, 
        "filter_outliers_dict": {
            "filter_outliers": true, 
            "iterations": 1, 
            "std_devs": 2
        }, 
        "fit": "Average", 
        "value": 0.09529045238521572
    }
}