{
    "Ar36": {
        "error": 0.00030182860273795213, 
        "filter_outliers_dict": {
            "filter_outliers": true, 
            "iterations": 1, 
            "std_devs": 2
        }, 
        "fit": "Linear", 
        "value": 0.012909905208865233
    }, 
    "Ar37": {
        "error": 0.010667497636893055, 
        "filter_outliers_dict": {
            "filter_outliers": true, 
            "iterations": 1, 
            "std_devs": 2
        }, 
        "fit": "linear", 
        "value": 0.4334296959399977
    }, 
    "Ar38": {
        "error": 0.004562778132939844, 
        "filter_outliers_dict": {
            "filter_outliers": true, 
            "iterations": 1, 
            "std_devs": 2
        }, 
        "fit": "linear", 
        "value": 1.378286551158228
    }, 
    "Ar39": {
        "error": 0.019426035528151725, 
        "filter_outliers_dict": {
            "filter_outliers": true, 
            "iterations": 1, 
            "std_devs": 2
        }, 
        "fit": "Linear", 
        "value": 107.86347126176727
    }, 
    "Ar40": {
        "error": 0.051719263679782995, 
        "filter_outliers_dict": {
            "filter_outliers": true, 
            "iterations": 1, 
            "std_devs": 2
        }, 
        "fit": "Linear", 
        "value": 546.2099967450354
    }, 
    "Ar41": {
        "error": 0.004475071233375919, 
        "filter_outliers_dict": {
            "filter_outliers": true, 
            "iterations": 1, 
            "std_devs": 2
        }, 
        "fit": "Average", 
        "value": 0.10919195460047107
    }
}