{
    "Ar36": {
        "error": 0.00028042179505372846, 
        "filter_outliers_dict": {
            "filter_outliers": true, 
            "iterations": 1, 
            "std_devs": 2
        }, 
        "fit": "Linear", 
        "value": 0.013254708648693119
    }, 
    "Ar37": {
        "error": 0.012569150072606448, 
        "filter_outliers_dict": {
            "filter_outliers": true, 
            "iterations": 1, 
            "std_devs": 2
        }, 
        "fit": "linear", 
        "value": 0.6223514384189406
    }, 
    "Ar38": {
        "error": 0.004248965641671416, 
        "filter_outliers_dict": {
            "filter_outliers": true, 
            "iterations": 1, 
            "std_devs": 2
        }, 
        "fit": "linear", 
        "value": 1.9008968675617144
    }, 
    "Ar39": {
        "error": 0.02292202802397224, 
        "filter_outliers_dict": {
            "filter_outliers": true, 
            "iterations": 1, 
            "std_devs": 2
        }, 
        "fit": "Linear", 
        "value": 147.30274636498655
    }, 
    "Ar40": {
        "error": 0.05656228867095917, 
        "filter_outliers_dict": {
            "filter_outliers": true, 
            "iterations": 1, 
            "std_devs": 2
        }, 
        "fit": "Linear", 
        "value": 743.9586711651634
    }, 
    "Ar41": {
        "error": 0.004091246580883696, 
        "filter_outliers_dict": {
            "filter_outliers": true, 
            "iterations": 1, 
            "std_devs": 2
        }, 
        "fit": "Average", 
        "value": 0.10998877782591343
    }
}