{
    "Ar36": {
        "error": 6.053557548850407e-05, 
        "filter_outliers_dict": {
            "filter_outliers": true, 
            "iterations": 1, 
            "std_devs": 2
        }, 
        "fit": "Parabolic", 
        "value": 0.0011749931583846754
    }, 
    "Ar37": {
        "error": 0.005380065234063554, 
        "filter_outliers_dict": {
            "filter_outliers": true, 
            "iterations": 1, 
            "std_devs": 2
        }, 
        "fit": "linear", 
        "value": 0.04311728395877025
    }, 
    "Ar38": {
        "error": 0.002648737270286363, 
        "filter_outliers_dict": {
            "filter_outliers": true, 
            "iterations": 1, 
            "std_devs": 2
        }, 
        "fit": "linear", 
        "value": 1.2968339008122431
    }, 
    "Ar39": {
        "error": 0.009516577215163573, 
        "filter_outliers_dict": {
            "filter_outliers": true, 
            "iterations": 1, 
            "std_devs": 2
        }, 
        "fit": "Parabolic", 
        "value": 0.21839940513676281
    }, 
    "Ar40": {
        "error": 0.0735725103270617, 
        "filter_outliers_dict": {
            "filter_outliers": true, 
            "iterations": 1, 
            "std_devs": 2
        }, 
        "fit": "Parabolic", 
        "value": 2290.5558537603783
    }, 
    "Ar41": {
        "error": 0.005477638950601191, 
        "filter_outliers_dict": {
            "filter_outliers": true, 
            "iterations": 1, 
            "std_devs": 2
        }, 
        "fit": "linear", 
        "value": 0.3924096308178424
    }
}