{
    "Ar36": {
        "error": 4.888833481461023e-05, 
        "filter_outliers_dict": {
            "filter_outliers": true, 
            "iterations": 1, 
            "std_devs": 2
        }, 
        "fit": "Parabolic", 
        "value": 0.000664011572732431
    }, 
    "Ar37": {
        "error": 0.005465324677966253, 
        "filter_outliers_dict": {
            "filter_outliers": true, 
            "iterations": 1, 
            "std_devs": 2
        }, 
        "fit": "linear", 
        "value": 1.3941309113237135
    }, 
    "Ar38": {
        "error": 0.0027871088333019578, 
        "filter_outliers_dict": {
            "filter_outliers": true, 
            "iterations": 1, 
            "std_devs": 2
        }, 
        "fit": "linear", 
        "value": 2.661994905602242
    }, 
    "Ar39": {
        "error": 0.017950167408252674, 
        "filter_outliers_dict": {
            "filter_outliers": true, 
            "iterations": 1, 
            "std_devs": 2
        }, 
        "fit": "Parabolic", 
        "value": 165.4547945739369
    }, 
    "Ar40": {
        "error": 0.05583850196373195, 
        "filter_outliers_dict": {
            "filter_outliers": true, 
            "iterations": 1, 
            "std_devs": 2
        }, 
        "fit": "Parabolic", 
        "value": 1733.8537639105343
    }, 
    "Ar41": {
        "error": 0.005504528941078078, 
        "filter_outliers_dict": {
            "filter_outliers": true, 
            "iterations": 1, 
            "std_devs": 2
        }, 
        "fit": "linear", 
        "value": 0.24226287559903112
    }
}