{
    "Ar36": {
        "error": 0.00021512905703060305, 
        "filter_outliers_dict": {
            "filter_outliers": true, 
            "iterations": 1, 
            "std_devs": 2
        }, 
        "fit": "Linear", 
        "value": 0.026953784086581146
    }, 
    "Ar37": {
        "error": 0.005243307813418416, 
        "filter_outliers_dict": {
            "filter_outliers": true, 
            "iterations": 1, 
            "std_devs": 2
        }, 
        "fit": "linear", 
        "value": 0.5822457927034916
    }, 
    "Ar38": {
        "error": 0.00209186250178134, 
        "filter_outliers_dict": {
            "filter_outliers": true, 
            "iterations": 1, 
            "std_devs": 2
        }, 
        "fit": "linear", 
        "value": 0.9704538908129924
    }, 
    "Ar39": {
        "error": 0.012865150417416251, 
        "filter_outliers_dict": {
            "filter_outliers": true, 
            "iterations": 1, 
            "std_devs": 2
        }, 
        "fit": "Linear", 
        "value": 90.27568616142972
    }, 
    "Ar40": {
        "error": 0.032259484210062604, 
        "filter_outliers_dict": {
            "filter_outliers": true, 
            "iterations": 1, 
            "std_devs": 2
        }, 
        "fit": "Linear", 
        "value": 280.17466130633386
    }, 
    "Ar41": {
        "error": 0.0026798534107179417, 
        "filter_outliers_dict": {
            "filter_outliers": true, 
            "iterations": 1, 
            "std_devs": 2
        }, 
        "fit": "Average", 
        "value": 0.18318458085289055
    }
}