{
    "Ar36": {
        "error": 0.0003472707942807171, 
        "filter_outliers_dict": {
            "filter_outliers": true, 
            "iterations": 1, 
            "std_devs": 2
        }, 
        "fit": "Parabolic", 
        "value": 0.024844540089273073
    }, 
    "Ar37": {
        "error": 0.0114426945102529, 
        "filter_outliers_dict": {
            "filter_outliers": true, 
            "iterations": 1, 
            "std_devs": 2
        }, 
        "fit": "linear", 
        "value": -0.022836779279506662
    }, 
    "Ar38": {
        "error": 0.013271794229551041, 
        "filter_outliers_dict": {
            "filter_outliers": true, 
            "iterations": 1, 
            "std_devs": 2
        }, 
        "fit": "linear", 
        "value": -1.469278040673121
    }, 
    "Ar39": {
        "error": 0.02374049627032774, 
        "filter_outliers_dict": {
            "filter_outliers": true, 
            "iterations": 1, 
            "std_devs": 2
        }, 
        "fit": "Parabolic", 
        "value": 5.607059876482442
    }, 
    "Ar40": {
        "error": 0.02452650168408021, 
        "filter_outliers_dict": {
            "filter_outliers": true, 
            "iterations": 1, 
            "std_devs": 2
        }, 
        "fit": "Parabolic", 
        "value": 63.028044211751634
    }
}