{
    "Ar36": {
        "error": 0.0002288983147457168, 
        "filter_outliers_dict": {
            "filter_outliers": true, 
            "iterations": 1, 
            "std_devs": 2
        }, 
        "fit": "Parabolic", 
        "value": 0.009473653420750853
    }, 
    "Ar37": {
        "error": 0.012159861444597051, 
        "filter_outliers_dict": {
            "filter_outliers": true, 
            "iterations": 1, 
            "std_devs": 2
        }, 
        "fit": "linear", 
        "value": 10.149867275522254
    }, 
    "Ar38": {
        "error": 0.02539762084089902, 
        "filter_outliers_dict": {
            "filter_outliers": true, 
            "iterations": 1, 
            "std_devs": 2
        }, 
        "fit": "linear", 
        "value": -0.49114286149355024
    }, 
    "Ar39": {
        "error": 0.02218436764159379, 
        "filter_outliers_dict": {
            "filter_outliers": true, 
            "iterations": 1, 
            "std_devs": 2
        }, 
        "fit": "Parabolic", 
        "value": 1.3540671833296418
    }, 
    "Ar40": {
        "error": 0.018013443061330313, 
        "filter_outliers_dict": {
            "filter_outliers": true, 
            "iterations": 1, 
            "std_devs": 2
        }, 
        "fit": "Parabolic", 
        "value": 3.357325312483418
    }
}