{
    "Ar36": {
        "error": 0.0042473896519996295, 
        "filter_outliers_dict": {
            "filter_outliers": true, 
            "iterations": 1, 
            "std_devs": 2
        }, 
        "fit": "Parabolic", 
        "value": 4.043714004469699
    }, 
    "Ar37": {
        "error": 0.011848860678093489, 
        "filter_outliers_dict": {
            "filter_outliers": true, 
            "iterations": 1, 
            "std_devs": 2
        }, 
        "fit": "linear", 
        "value": -0.013239776367012113
    }, 
    "Ar38": {
        "error": 0.013566467136733332, 
        "filter_outliers_dict": {
            "filter_outliers": true, 
            "iterations": 1, 
            "std_devs": 2
        }, 
        "fit": "linear", 
        "value": -0.7700514512422293
    }, 
    "Ar39": {
        "error": 0.02756265914809678, 
        "filter_outliers_dict": {
            "filter_outliers": true, 
            "iterations": 1, 
            "std_devs": 2
        }, 
        "fit": "Parabolic", 
        "value": 0.004652125174958232
    }, 
    "Ar40": {
        "error": 0.09026557402696286, 
        "filter_outliers_dict": {
            "filter_outliers": true, 
            "iterations": 1, 
            "std_devs": 2
        }, 
        "fit": "Parabolic", 
        "value": 1279.389247421611
    }
}