{
    "Ar36": {
        "error": 0.0009611950165968603, 
        "filter_outliers_dict": {
            "filter_outliers": true, 
            "iterations": 1, 
            "std_devs": 2
        }, 
        "fit": "Parabolic", 
        "value": 0.2509513844492434
    }, 
    "Ar37": {
        "error": 0.004785491464085837, 
        "filter_outliers_dict": {
            "filter_outliers": true, 
            "iterations": 1, 
            "std_devs": 2
        }, 
        "fit": "linear", 
        "value": 0.041466948975044375
    }, 
    "Ar38": {
        "error": 0.0022721760174031908, 
        "filter_outliers_dict": {
            "filter_outliers": true, 
            "iterations": 1, 
            "std_devs": 2
        }, 
        "fit": "linear", 
        "value": 0.02430743243046473
    }, 
    "Ar39": {
        "error": 0.009074347289876375, 
        "filter_outliers_dict": {
            "filter_outliers": true, 
            "iterations": 1, 
            "std_devs": 2
        }, 
        "fit": "Parabolic", 
        "value": -0.023215616550125384
    }, 
    "Ar40": {
        "error": 0.012036999912487224, 
        "filter_outliers_dict": {
            "filter_outliers": true, 
            "iterations": 1, 
            "std_devs": 2
        }, 
        "fit": "Parabolic", 
        "value": 72.69121393917317
    }, 
    "Ar41": {
        "error": 0.005918217555698224, 
        "filter_outliers_dict": {
            "filter_outliers": true, 
            "iterations": 1, 
            "std_devs": 2
        }, 
        "fit": "linear", 
        "value": -0.17740124570335072
    }
}