{
    "Ar36": {
        "error": 0.0005366012553623902, 
        "filter_outliers_dict": {
            "filter_outliers": true, 
            "iterations": 1, 
            "std_devs": 2
        }, 
        "fit": "Linear", 
        "value": 0.03853378193800952
    }, 
    "Ar37": {
        "error": 0.010597421719839413, 
        "filter_outliers_dict": {
            "filter_outliers": true, 
            "iterations": 1, 
            "std_devs": 2
        }, 
        "fit": "linear", 
        "value": 0.9077846703710449
    }, 
    "Ar38": {
        "error": 0.007285747079117705, 
        "filter_outliers_dict": {
            "filter_outliers": true, 
            "iterations": 1, 
            "std_devs": 2
        }, 
        "fit": "linear", 
        "value": 4.186797845813744
    }, 
    "Ar39": {
        "error": 0.03454536830355101, 
        "filter_outliers_dict": {
            "filter_outliers": true, 
            "iterations": 1, 
            "std_devs": 2
        }, 
        "fit": "Linear", 
        "value": 306.8431648443897
    }, 
    "Ar40": {
        "error": 0.0728892891724211, 
        "filter_outliers_dict": {
            "filter_outliers": true, 
            "iterations": 1, 
            "std_devs": 2
        }, 
        "fit": "Linear", 
        "value": 1680.0073276335663
    }, 
    "Ar41": {
        "error": 0.00540478351282559, 
        "filter_outliers_dict": {
            "filter_outliers": true, 
            "iterations": 1, 
            "std_devs": 2
        }, 
        "fit": "Average", 
        "value": -0.07805306409529285
    }
}