{
    "Ar36": {
        "error": 0.0002613127046117031, 
        "filter_outliers_dict": {
            "filter_outliers": true, 
            "iterations": 1, 
            "std_devs": 2
        }, 
        "fit": "Linear", 
        "value": 0.010709891463275537
    }, 
    "Ar37": {
        "error": 0.01152099156977425, 
        "filter_outliers_dict": {
            "filter_outliers": true, 
            "iterations": 1, 
            "std_devs": 2
        }, 
        "fit": "linear", 
        "value": 0.7306413654539886
    }, 
    "Ar38": {
        "error": 0.0055406396279032155, 
        "filter_outliers_dict": {
            "filter_outliers": true, 
            "iterations": 1, 
            "std_devs": 2
        }, 
        "fit": "linear", 
        "value": 3.3031050613764004
    }, 
    "Ar39": {
        "error": 0.03043923294302771, 
        "filter_outliers_dict": {
            "filter_outliers": true, 
            "iterations": 1, 
            "std_devs": 2
        }, 
        "fit": "Linear", 
        "value": 255.3174675881658
    }, 
    "Ar40": {
        "error": 0.059475088345084144, 
        "filter_outliers_dict": {
            "filter_outliers": true, 
            "iterations": 1, 
            "std_devs": 2
        }, 
        "fit": "Linear", 
        "value": 1389.8389612667816
    }, 
    "Ar41": {
        "error": 0.005962055675293291, 
        "filter_outliers_dict": {
            "filter_outliers": true, 
            "iterations": 1, 
            "std_devs": 2
        }, 
        "fit": "Average", 
        "value": -0.11257123999644165
    }
}