{
    "Ar36": {
        "error": 0.00026873924468981403, 
        "filter_outliers_dict": {
            "filter_outliers": true, 
            "iterations": 1, 
            "std_devs": 2
        }, 
        "fit": "Linear", 
        "value": 0.01338805011930298
    }, 
    "Ar37": {
        "error": 0.010804932525317007, 
        "filter_outliers_dict": {
            "filter_outliers": true, 
            "iterations": 1, 
            "std_devs": 2
        }, 
        "fit": "linear", 
        "value": 0.5683217160605449
    }, 
    "Ar38": {
        "error": 0.005221787564311534, 
        "filter_outliers_dict": {
            "filter_outliers": true, 
            "iterations": 1, 
            "std_devs": 2
        }, 
        "fit": "linear", 
        "value": 2.4576208103236756
    }, 
    "Ar39": {
        "error": 0.024595090664475194, 
        "filter_outliers_dict": {
            "filter_outliers": true, 
            "iterations": 1, 
            "std_devs": 2
        }, 
        "fit": "Linear", 
        "value": 191.39610539518733
    }, 
    "Ar40": {
        "error": 0.05822123174638475, 
        "filter_outliers_dict": {
            "filter_outliers": true, 
            "iterations": 1, 
            "std_devs": 2
        }, 
        "fit": "Linear", 
        "value": 1043.966154590651
    }, 
    "Ar41": {
        "error": 0.005641033221438131, 
        "filter_outliers_dict": {
            "filter_outliers": true, 
            "iterations": 1, 
            "std_devs": 2
        }, 
        "fit": "Average", 
        "value": -0.12687194707832583
    }
}