{
    "Ar36": {
        "error": 0.0002749753941704302, 
        "filter_outliers_dict": {
            "filter_outliers": true, 
            "iterations": 1, 
            "std_devs": 2
        }, 
        "fit": "Linear", 
        "value": 0.009366734927820508
    }, 
    "Ar37": {
        "error": 0.008359062369901632, 
        "filter_outliers_dict": {
            "filter_outliers": true, 
            "iterations": 1, 
            "std_devs": 2
        }, 
        "fit": "linear", 
        "value": 0.5205910593200795
    }, 
    "Ar38": {
        "error": 0.004892056174713563, 
        "filter_outliers_dict": {
            "filter_outliers": true, 
            "iterations": 1, 
            "std_devs": 2
        }, 
        "fit": "linear", 
        "value": 2.2435650627554624
    }, 
    "Ar39": {
        "error": 0.023638847112006003, 
        "filter_outliers_dict": {
            "filter_outliers": true, 
            "iterations": 1, 
            "std_devs": 2
        }, 
        "fit": "Linear", 
        "value": 173.65697126571243
    }, 
    "Ar40": {
        "error": 0.060449528916978294, 
        "filter_outliers_dict": {
            "filter_outliers": true, 
            "iterations": 1, 
            "std_devs": 2
        }, 
        "fit": "Linear", 
        "value": 944.6524143301176
    }, 
    "Ar41": {
        "error": 0.0052541643964920896, 
        "filter_outliers_dict": {
            "filter_outliers": true, 
            "iterations": 1, 
            "std_devs": 2
        }, 
        "fit": "Average", 
        "value": -0.12296039397509885
    }
}