{
    "Ar36": {
        "error": 0.0002919718875245657, 
        "filter_outliers_dict": {
            "filter_outliers": true, 
            "iterations": 1, 
            "std_devs": 2
        }, 
        "fit": "Linear", 
        "value": 0.012579461836857243
    }, 
    "Ar37": {
        "error": 0.0098672202346594, 
        "filter_outliers_dict": {
            "filter_outliers": true, 
            "iterations": 1, 
            "std_devs": 2
        }, 
        "fit": "linear", 
        "value": 0.6528729843896683
    }, 
    "Ar38": {
        "error": 0.005039361095114539, 
        "filter_outliers_dict": {
            "filter_outliers": true, 
            "iterations": 1, 
            "std_devs": 2
        }, 
        "fit": "linear", 
        "value": 2.5959431654419074
    }, 
    "Ar39": {
        "error": 0.02359501397698358, 
        "filter_outliers_dict": {
            "filter_outliers": true, 
            "iterations": 1, 
            "std_devs": 2
        }, 
        "fit": "Linear", 
        "value": 202.84494187099727
    }, 
    "Ar40": {
        "error": 0.06321177665202939, 
        "filter_outliers_dict": {
            "filter_outliers": true, 
            "iterations": 1, 
            "std_devs": 2
        }, 
        "fit": "Linear", 
        "value": 1116.9669535067135
    }, 
    "Ar41": {
        "error": 0.005727873399677413, 
        "filter_outliers_dict": {
            "filter_outliers": true, 
            "iterations": 1, 
            "std_devs": 2
        }, 
        "fit": "Average", 
        "value": -0.0949246439649181
    }
}